-- MySQL dump 10.13  Distrib 8.0.25, for macos11 (x86_64)
--
-- Host: localhost    Database: nobitest
-- ------------------------------------------------------
-- Server version	8.0.25

/*!40101 SET @OLD_CHARACTER_SET_CLIENT=@@CHARACTER_SET_CLIENT */;
/*!40101 SET @OLD_CHARACTER_SET_RESULTS=@@CHARACTER_SET_RESULTS */;
/*!40101 SET @OLD_COLLATION_CONNECTION=@@COLLATION_CONNECTION */;
/*!50503 SET NAMES utf8 */;
/*!40103 SET @OLD_TIME_ZONE=@@TIME_ZONE */;
/*!40103 SET TIME_ZONE='+00:00' */;
/*!40014 SET @OLD_UNIQUE_CHECKS=@@UNIQUE_CHECKS, UNIQUE_CHECKS=0 */;
/*!40014 SET @OLD_FOREIGN_KEY_CHECKS=@@FOREIGN_KEY_CHECKS, FOREIGN_KEY_CHECKS=0 */;
/*!40101 SET @OLD_SQL_MODE=@@SQL_MODE, SQL_MODE='NO_AUTO_VALUE_ON_ZERO' */;
/*!40111 SET @OLD_SQL_NOTES=@@SQL_NOTES, SQL_NOTES=0 */;

--
-- Table structure for table `asset_values`
--

DROP TABLE IF EXISTS `asset_values`;
/*!40101 SET @saved_cs_client     = @@character_set_client */;
/*!50503 SET character_set_client = utf8mb4 */;
CREATE TABLE `asset_values` (
  `id` bigint unsigned NOT NULL AUTO_INCREMENT,
  `nab` double unsigned NOT NULL,
  `current_balance` double unsigned NOT NULL,
  `created_at` timestamp NULL DEFAULT NULL,
  `updated_at` timestamp NULL DEFAULT NULL,
  PRIMARY KEY (`id`)
) ENGINE=InnoDB AUTO_INCREMENT=42 DEFAULT CHARSET=utf8mb4 COLLATE=utf8mb4_unicode_ci;
/*!40101 SET character_set_client = @saved_cs_client */;

--
-- Dumping data for table `asset_values`
--

LOCK TABLES `asset_values` WRITE;
/*!40000 ALTER TABLE `asset_values` DISABLE KEYS */;
INSERT INTO `asset_values` VALUES (1,1,2080,'2021-12-04 21:42:47','2021-12-04 21:42:47'),(2,1,1720,'2021-12-04 21:42:47','2021-12-04 21:42:47'),(3,1,2499,'2021-12-04 21:42:47','2021-12-04 21:42:47'),(4,1,2748,'2021-12-04 21:42:47','2021-12-04 21:42:47'),(5,1,1674,'2021-12-04 21:42:47','2021-12-04 21:42:47'),(6,1,2075,'2021-12-04 21:42:47','2021-12-04 21:42:47'),(7,1,1555,'2021-12-04 21:42:47','2021-12-04 21:42:47'),(8,1,887,'2021-12-04 21:42:47','2021-12-04 21:42:47'),(9,1,246,'2021-12-04 21:42:47','2021-12-04 21:42:47'),(10,1,2014,'2021-12-04 21:42:47','2021-12-04 21:42:47'),(11,1,656,'2021-12-04 21:42:47','2021-12-04 21:42:47'),(12,1,2062,'2021-12-04 21:42:47','2021-12-04 21:42:47'),(13,1,2216,'2021-12-04 21:42:47','2021-12-04 21:42:47'),(14,1,902,'2021-12-04 21:42:47','2021-12-04 21:42:47'),(15,1,656,'2021-12-04 21:42:47','2021-12-04 21:42:47'),(16,1,1259,'2021-12-04 21:42:47','2021-12-04 21:42:47'),(17,1,21,'2021-12-04 21:42:47','2021-12-04 21:42:47'),(18,1,239,'2021-12-04 21:42:47','2021-12-04 21:42:47'),(19,1,415,'2021-12-04 21:42:47','2021-12-04 21:42:47'),(20,1,1355,'2021-12-04 21:42:47','2021-12-04 21:42:47'),(21,1,2019,'2021-12-04 21:42:47','2021-12-04 21:42:47'),(22,1,2570,'2021-12-04 21:42:47','2021-12-04 21:42:47'),(23,1,2015,'2021-12-04 21:42:47','2021-12-04 21:42:47'),(24,1,1952,'2021-12-04 21:42:47','2021-12-04 21:42:47'),(25,1,79,'2021-12-04 21:42:47','2021-12-04 21:42:47'),(26,1,958,'2021-12-04 21:42:47','2021-12-04 21:42:47'),(27,1,1402,'2021-12-04 21:42:47','2021-12-04 21:42:47'),(28,1,2360,'2021-12-04 21:42:47','2021-12-04 21:42:47'),(29,1,2597,'2021-12-04 21:42:47','2021-12-04 21:42:47'),(30,1,341,'2021-12-04 21:42:47','2021-12-04 21:42:47'),(31,1,1843,'2021-12-04 21:42:47','2021-12-04 21:42:47'),(32,1,1789,'2021-12-04 21:42:47','2021-12-04 21:42:47'),(33,1,2656,'2021-12-04 21:42:47','2021-12-04 21:42:47'),(34,1,1798,'2021-12-04 21:42:47','2021-12-04 21:42:47'),(35,1,2127,'2021-12-04 21:42:47','2021-12-04 21:42:47'),(36,1,1182,'2021-12-04 21:42:47','2021-12-04 21:42:47'),(37,1,1122,'2021-12-04 21:42:47','2021-12-04 21:42:47'),(38,1,1896,'2021-12-04 21:42:47','2021-12-04 21:42:47'),(39,1,283,'2021-12-04 21:42:47','2021-12-04 21:42:47'),(40,1,1192,'2021-12-04 21:42:47','2021-12-04 21:42:47'),(41,1,903,'2021-12-04 21:42:47','2021-12-04 21:42:47');
/*!40000 ALTER TABLE `asset_values` ENABLE KEYS */;
UNLOCK TABLES;

--
-- Table structure for table `failed_jobs`
--

DROP TABLE IF EXISTS `failed_jobs`;
/*!40101 SET @saved_cs_client     = @@character_set_client */;
/*!50503 SET character_set_client = utf8mb4 */;
CREATE TABLE `failed_jobs` (
  `id` bigint unsigned NOT NULL AUTO_INCREMENT,
  `uuid` varchar(255) COLLATE utf8mb4_unicode_ci NOT NULL,
  `connection` text COLLATE utf8mb4_unicode_ci NOT NULL,
  `queue` text COLLATE utf8mb4_unicode_ci NOT NULL,
  `payload` longtext COLLATE utf8mb4_unicode_ci NOT NULL,
  `exception` longtext COLLATE utf8mb4_unicode_ci NOT NULL,
  `failed_at` timestamp NOT NULL DEFAULT CURRENT_TIMESTAMP,
  PRIMARY KEY (`id`),
  UNIQUE KEY `failed_jobs_uuid_unique` (`uuid`)
) ENGINE=InnoDB DEFAULT CHARSET=utf8mb4 COLLATE=utf8mb4_unicode_ci;
/*!40101 SET character_set_client = @saved_cs_client */;

--
-- Dumping data for table `failed_jobs`
--

LOCK TABLES `failed_jobs` WRITE;
/*!40000 ALTER TABLE `failed_jobs` DISABLE KEYS */;
/*!40000 ALTER TABLE `failed_jobs` ENABLE KEYS */;
UNLOCK TABLES;

--
-- Table structure for table `migrations`
--

DROP TABLE IF EXISTS `migrations`;
/*!40101 SET @saved_cs_client     = @@character_set_client */;
/*!50503 SET character_set_client = utf8mb4 */;
CREATE TABLE `migrations` (
  `id` int unsigned NOT NULL AUTO_INCREMENT,
  `migration` varchar(255) COLLATE utf8mb4_unicode_ci NOT NULL,
  `batch` int NOT NULL,
  PRIMARY KEY (`id`)
) ENGINE=InnoDB AUTO_INCREMENT=7 DEFAULT CHARSET=utf8mb4 COLLATE=utf8mb4_unicode_ci;
/*!40101 SET character_set_client = @saved_cs_client */;

--
-- Dumping data for table `migrations`
--

LOCK TABLES `migrations` WRITE;
/*!40000 ALTER TABLE `migrations` DISABLE KEYS */;
INSERT INTO `migrations` VALUES (1,'2014_10_12_000000_create_users_table',1),(2,'2014_10_12_100000_create_password_resets_table',1),(3,'2019_08_19_000000_create_failed_jobs_table',1),(4,'2019_12_14_000001_create_personal_access_tokens_table',1),(5,'2021_12_04_155546_create_asset_values_table',1),(6,'2021_12_04_181207_create_transactions_table',1);
/*!40000 ALTER TABLE `migrations` ENABLE KEYS */;
UNLOCK TABLES;

--
-- Table structure for table `password_resets`
--

DROP TABLE IF EXISTS `password_resets`;
/*!40101 SET @saved_cs_client     = @@character_set_client */;
/*!50503 SET character_set_client = utf8mb4 */;
CREATE TABLE `password_resets` (
  `email` varchar(255) COLLATE utf8mb4_unicode_ci NOT NULL,
  `token` varchar(255) COLLATE utf8mb4_unicode_ci NOT NULL,
  `created_at` timestamp NULL DEFAULT NULL,
  KEY `password_resets_email_index` (`email`)
) ENGINE=InnoDB DEFAULT CHARSET=utf8mb4 COLLATE=utf8mb4_unicode_ci;
/*!40101 SET character_set_client = @saved_cs_client */;

--
-- Dumping data for table `password_resets`
--

LOCK TABLES `password_resets` WRITE;
/*!40000 ALTER TABLE `password_resets` DISABLE KEYS */;
/*!40000 ALTER TABLE `password_resets` ENABLE KEYS */;
UNLOCK TABLES;

--
-- Table structure for table `personal_access_tokens`
--

DROP TABLE IF EXISTS `personal_access_tokens`;
/*!40101 SET @saved_cs_client     = @@character_set_client */;
/*!50503 SET character_set_client = utf8mb4 */;
CREATE TABLE `personal_access_tokens` (
  `id` bigint unsigned NOT NULL AUTO_INCREMENT,
  `tokenable_type` varchar(255) COLLATE utf8mb4_unicode_ci NOT NULL,
  `tokenable_id` bigint unsigned NOT NULL,
  `name` varchar(255) COLLATE utf8mb4_unicode_ci NOT NULL,
  `token` varchar(64) COLLATE utf8mb4_unicode_ci NOT NULL,
  `abilities` text COLLATE utf8mb4_unicode_ci,
  `last_used_at` timestamp NULL DEFAULT NULL,
  `created_at` timestamp NULL DEFAULT NULL,
  `updated_at` timestamp NULL DEFAULT NULL,
  PRIMARY KEY (`id`),
  UNIQUE KEY `personal_access_tokens_token_unique` (`token`),
  KEY `personal_access_tokens_tokenable_type_tokenable_id_index` (`tokenable_type`,`tokenable_id`)
) ENGINE=InnoDB DEFAULT CHARSET=utf8mb4 COLLATE=utf8mb4_unicode_ci;
/*!40101 SET character_set_client = @saved_cs_client */;

--
-- Dumping data for table `personal_access_tokens`
--

LOCK TABLES `personal_access_tokens` WRITE;
/*!40000 ALTER TABLE `personal_access_tokens` DISABLE KEYS */;
/*!40000 ALTER TABLE `personal_access_tokens` ENABLE KEYS */;
UNLOCK TABLES;

--
-- Table structure for table `transactions`
--

DROP TABLE IF EXISTS `transactions`;
/*!40101 SET @saved_cs_client     = @@character_set_client */;
/*!50503 SET character_set_client = utf8mb4 */;
CREATE TABLE `transactions` (
  `id` bigint unsigned NOT NULL AUTO_INCREMENT,
  `user_id` bigint unsigned NOT NULL,
  `type` varchar(255) COLLATE utf8mb4_unicode_ci NOT NULL,
  `amount` bigint unsigned NOT NULL,
  `unit_value` double NOT NULL,
  `total_unit_value` double NOT NULL,
  `total_balance` double NOT NULL,
  `created_at` timestamp NULL DEFAULT NULL,
  `updated_at` timestamp NULL DEFAULT NULL,
  PRIMARY KEY (`id`),
  KEY `transactions_user_id_foreign` (`user_id`),
  CONSTRAINT `transactions_user_id_foreign` FOREIGN KEY (`user_id`) REFERENCES `users` (`id`) ON DELETE CASCADE
) ENGINE=InnoDB AUTO_INCREMENT=401 DEFAULT CHARSET=utf8mb4 COLLATE=utf8mb4_unicode_ci;
/*!40101 SET character_set_client = @saved_cs_client */;

--
-- Dumping data for table `transactions`
--

LOCK TABLES `transactions` WRITE;
/*!40000 ALTER TABLE `transactions` DISABLE KEYS */;
INSERT INTO `transactions` VALUES (1,11,'Topup',382327,382327,382327,382327,'2021-12-04 21:42:47','2021-12-04 21:42:47'),(2,196,'Topup',749045,749045,749045,749045,'2021-12-04 21:42:47','2021-12-04 21:42:47'),(3,143,'Topup',808140,808140,808140,808140,'2021-12-04 21:42:47','2021-12-04 21:42:47'),(4,71,'Topup',612049,612049,612049,612049,'2021-12-04 21:42:47','2021-12-04 21:42:47'),(5,147,'Topup',463396,463396,463396,463396,'2021-12-04 21:42:48','2021-12-04 21:42:48'),(6,158,'Topup',667239,667239,667239,667239,'2021-12-04 21:42:48','2021-12-04 21:42:48'),(7,118,'Topup',851646,851646,851646,851646,'2021-12-04 21:42:48','2021-12-04 21:42:48'),(8,171,'Topup',262989,262989,262989,262989,'2021-12-04 21:42:48','2021-12-04 21:42:48'),(9,174,'Topup',858331,858331,858331,858331,'2021-12-04 21:42:48','2021-12-04 21:42:48'),(10,72,'Topup',879889,879889,879889,879889,'2021-12-04 21:42:48','2021-12-04 21:42:48'),(11,33,'Topup',722989,722989,722989,722989,'2021-12-04 21:42:48','2021-12-04 21:42:48'),(12,140,'Topup',149122,149122,149122,149122,'2021-12-04 21:42:48','2021-12-04 21:42:48'),(13,6,'Topup',480764,480764,480764,480764,'2021-12-04 21:42:48','2021-12-04 21:42:48'),(14,152,'Topup',712938,712938,712938,712938,'2021-12-04 21:42:48','2021-12-04 21:42:48'),(15,190,'Topup',716592,716592,716592,716592,'2021-12-04 21:42:48','2021-12-04 21:42:48'),(16,42,'Topup',83528,83528,83528,83528,'2021-12-04 21:42:48','2021-12-04 21:42:48'),(17,139,'Topup',914594,914594,914594,914594,'2021-12-04 21:42:48','2021-12-04 21:42:48'),(18,26,'Topup',548287,548287,548287,548287,'2021-12-04 21:42:48','2021-12-04 21:42:48'),(19,61,'Topup',940228,940228,940228,940228,'2021-12-04 21:42:48','2021-12-04 21:42:48'),(20,197,'Topup',984896,984896,984896,984896,'2021-12-04 21:42:48','2021-12-04 21:42:48'),(21,196,'Topup',471338,471338,1220383,1220383,'2021-12-04 21:42:48','2021-12-04 21:42:48'),(22,118,'Topup',645299,645299,1496945,1496945,'2021-12-04 21:42:48','2021-12-04 21:42:48'),(23,37,'Topup',332393,332393,332393,332393,'2021-12-04 21:42:48','2021-12-04 21:42:48'),(24,42,'Topup',680484,680484,764012,764012,'2021-12-04 21:42:48','2021-12-04 21:42:48'),(25,102,'Topup',479034,479034,479034,479034,'2021-12-04 21:42:48','2021-12-04 21:42:48'),(26,96,'Topup',262168,262168,262168,262168,'2021-12-04 21:42:48','2021-12-04 21:42:48'),(27,169,'Topup',878989,878989,878989,878989,'2021-12-04 21:42:48','2021-12-04 21:42:48'),(28,123,'Topup',628196,628196,628196,628196,'2021-12-04 21:42:48','2021-12-04 21:42:48'),(29,65,'Topup',60107,60107,60107,60107,'2021-12-04 21:42:48','2021-12-04 21:42:48'),(30,27,'Topup',889263,889263,889263,889263,'2021-12-04 21:42:48','2021-12-04 21:42:48'),(31,175,'Topup',593044,593044,593044,593044,'2021-12-04 21:42:48','2021-12-04 21:42:48'),(32,48,'Topup',70565,70565,70565,70565,'2021-12-04 21:42:48','2021-12-04 21:42:48'),(33,156,'Topup',223460,223460,223460,223460,'2021-12-04 21:42:48','2021-12-04 21:42:48'),(34,189,'Topup',410312,410312,410312,410312,'2021-12-04 21:42:48','2021-12-04 21:42:48'),(35,30,'Topup',932636,932636,932636,932636,'2021-12-04 21:42:48','2021-12-04 21:42:48'),(36,115,'Topup',363256,363256,363256,363256,'2021-12-04 21:42:48','2021-12-04 21:42:48'),(37,111,'Topup',499473,499473,499473,499473,'2021-12-04 21:42:48','2021-12-04 21:42:48'),(38,130,'Topup',58776,58776,58776,58776,'2021-12-04 21:42:48','2021-12-04 21:42:48'),(39,27,'Topup',161088,161088,1050351,1050351,'2021-12-04 21:42:48','2021-12-04 21:42:48'),(40,1,'Topup',51888,51888,51888,51888,'2021-12-04 21:42:48','2021-12-04 21:42:48'),(41,72,'Topup',986658,986658,1866547,1866547,'2021-12-04 21:42:48','2021-12-04 21:42:48'),(42,82,'Topup',910889,910889,910889,910889,'2021-12-04 21:42:48','2021-12-04 21:42:48'),(43,144,'Topup',222192,222192,222192,222192,'2021-12-04 21:42:48','2021-12-04 21:42:48'),(44,68,'Topup',778612,778612,778612,778612,'2021-12-04 21:42:48','2021-12-04 21:42:48'),(45,195,'Topup',583576,583576,583576,583576,'2021-12-04 21:42:48','2021-12-04 21:42:48'),(46,182,'Topup',327853,327853,327853,327853,'2021-12-04 21:42:48','2021-12-04 21:42:48'),(47,154,'Topup',689832,689832,689832,689832,'2021-12-04 21:42:48','2021-12-04 21:42:48'),(48,12,'Topup',267341,267341,267341,267341,'2021-12-04 21:42:48','2021-12-04 21:42:48'),(49,79,'Topup',378317,378317,378317,378317,'2021-12-04 21:42:48','2021-12-04 21:42:48'),(50,187,'Topup',926897,926897,926897,926897,'2021-12-04 21:42:48','2021-12-04 21:42:48'),(51,140,'Topup',787824,787824,936946,936946,'2021-12-04 21:42:48','2021-12-04 21:42:48'),(52,108,'Topup',189416,189416,189416,189416,'2021-12-04 21:42:48','2021-12-04 21:42:48'),(53,179,'Topup',451958,451958,451958,451958,'2021-12-04 21:42:48','2021-12-04 21:42:48'),(54,151,'Topup',115608,115608,115608,115608,'2021-12-04 21:42:48','2021-12-04 21:42:48'),(55,15,'Topup',712617,712617,712617,712617,'2021-12-04 21:42:48','2021-12-04 21:42:48'),(56,126,'Topup',920215,920215,920215,920215,'2021-12-04 21:42:48','2021-12-04 21:42:48'),(57,161,'Topup',309443,309443,309443,309443,'2021-12-04 21:42:48','2021-12-04 21:42:48'),(58,169,'Topup',340756,340756,1219745,1219745,'2021-12-04 21:42:48','2021-12-04 21:42:48'),(59,119,'Topup',194796,194796,194796,194796,'2021-12-04 21:42:48','2021-12-04 21:42:48'),(60,4,'Topup',430962,430962,430962,430962,'2021-12-04 21:42:48','2021-12-04 21:42:48'),(61,61,'Topup',310276,310276,1250504,1250504,'2021-12-04 21:42:48','2021-12-04 21:42:48'),(62,64,'Topup',876317,876317,876317,876317,'2021-12-04 21:42:48','2021-12-04 21:42:48'),(63,45,'Topup',524048,524048,524048,524048,'2021-12-04 21:42:48','2021-12-04 21:42:48'),(64,124,'Topup',451731,451731,451731,451731,'2021-12-04 21:42:48','2021-12-04 21:42:48'),(65,74,'Topup',872455,872455,872455,872455,'2021-12-04 21:42:48','2021-12-04 21:42:48'),(66,96,'Topup',928096,928096,1190264,1190264,'2021-12-04 21:42:48','2021-12-04 21:42:48'),(67,27,'Topup',26312,26312,1076663,1076663,'2021-12-04 21:42:48','2021-12-04 21:42:48'),(68,81,'Topup',486214,486214,486214,486214,'2021-12-04 21:42:48','2021-12-04 21:42:48'),(69,34,'Topup',600143,600143,600143,600143,'2021-12-04 21:42:48','2021-12-04 21:42:48'),(70,90,'Topup',411520,411520,411520,411520,'2021-12-04 21:42:48','2021-12-04 21:42:48'),(71,162,'Topup',156349,156349,156349,156349,'2021-12-04 21:42:48','2021-12-04 21:42:48'),(72,146,'Topup',982274,982274,982274,982274,'2021-12-04 21:42:48','2021-12-04 21:42:48'),(73,6,'Topup',296998,296998,777762,777762,'2021-12-04 21:42:48','2021-12-04 21:42:48'),(74,35,'Topup',862064,862064,862064,862064,'2021-12-04 21:42:48','2021-12-04 21:42:48'),(75,106,'Topup',267119,267119,267119,267119,'2021-12-04 21:42:48','2021-12-04 21:42:48'),(76,24,'Topup',414822,414822,414822,414822,'2021-12-04 21:42:48','2021-12-04 21:42:48'),(77,167,'Topup',411226,411226,411226,411226,'2021-12-04 21:42:48','2021-12-04 21:42:48'),(78,173,'Topup',937262,937262,937262,937262,'2021-12-04 21:42:48','2021-12-04 21:42:48'),(79,8,'Topup',636169,636169,636169,636169,'2021-12-04 21:42:48','2021-12-04 21:42:48'),(80,26,'Topup',919165,919165,1467452,1467452,'2021-12-04 21:42:48','2021-12-04 21:42:48'),(81,121,'Topup',955317,955317,955317,955317,'2021-12-04 21:42:48','2021-12-04 21:42:48'),(82,118,'Topup',891732,891732,2388677,2388677,'2021-12-04 21:42:48','2021-12-04 21:42:48'),(83,99,'Topup',845090,845090,845090,845090,'2021-12-04 21:42:48','2021-12-04 21:42:48'),(84,200,'Topup',300524,300524,300524,300524,'2021-12-04 21:42:48','2021-12-04 21:42:48'),(85,52,'Topup',382873,382873,382873,382873,'2021-12-04 21:42:48','2021-12-04 21:42:48'),(86,102,'Topup',486156,486156,965190,965190,'2021-12-04 21:42:48','2021-12-04 21:42:48'),(87,17,'Topup',984452,984452,984452,984452,'2021-12-04 21:42:48','2021-12-04 21:42:48'),(88,183,'Topup',512562,512562,512562,512562,'2021-12-04 21:42:48','2021-12-04 21:42:48'),(89,29,'Topup',234518,234518,234518,234518,'2021-12-04 21:42:48','2021-12-04 21:42:48'),(90,11,'Topup',403990,403990,786317,786317,'2021-12-04 21:42:48','2021-12-04 21:42:48'),(91,89,'Topup',509853,509853,509853,509853,'2021-12-04 21:42:48','2021-12-04 21:42:48'),(92,62,'Topup',371623,371623,371623,371623,'2021-12-04 21:42:48','2021-12-04 21:42:48'),(93,145,'Topup',193680,193680,193680,193680,'2021-12-04 21:42:48','2021-12-04 21:42:48'),(94,185,'Topup',483866,483866,483866,483866,'2021-12-04 21:42:48','2021-12-04 21:42:48'),(95,41,'Topup',907872,907872,907872,907872,'2021-12-04 21:42:48','2021-12-04 21:42:48'),(96,8,'Topup',648718,648718,1284887,1284887,'2021-12-04 21:42:48','2021-12-04 21:42:48'),(97,21,'Topup',572729,572729,572729,572729,'2021-12-04 21:42:48','2021-12-04 21:42:48'),(98,25,'Topup',633177,633177,633177,633177,'2021-12-04 21:42:48','2021-12-04 21:42:48'),(99,164,'Topup',775305,775305,775305,775305,'2021-12-04 21:42:48','2021-12-04 21:42:48'),(100,108,'Topup',292092,292092,481508,481508,'2021-12-04 21:42:48','2021-12-04 21:42:48'),(101,58,'Topup',793445,793445,793445,793445,'2021-12-04 21:42:48','2021-12-04 21:42:48'),(102,165,'Topup',696849,696849,696849,696849,'2021-12-04 21:42:48','2021-12-04 21:42:48'),(103,32,'Topup',16966,16966,16966,16966,'2021-12-04 21:42:48','2021-12-04 21:42:48'),(104,45,'Topup',889488,889488,1413536,1413536,'2021-12-04 21:42:48','2021-12-04 21:42:48'),(105,192,'Topup',47545,47545,47545,47545,'2021-12-04 21:42:48','2021-12-04 21:42:48'),(106,115,'Topup',526517,526517,889773,889773,'2021-12-04 21:42:48','2021-12-04 21:42:48'),(107,120,'Topup',161324,161324,161324,161324,'2021-12-04 21:42:48','2021-12-04 21:42:48'),(108,77,'Topup',394949,394949,394949,394949,'2021-12-04 21:42:48','2021-12-04 21:42:48'),(109,84,'Topup',845709,845709,845709,845709,'2021-12-04 21:42:48','2021-12-04 21:42:48'),(110,6,'Topup',236788,236788,1014550,1014550,'2021-12-04 21:42:48','2021-12-04 21:42:48'),(111,146,'Topup',310009,310009,1292283,1292283,'2021-12-04 21:42:48','2021-12-04 21:42:48'),(112,199,'Topup',400718,400718,400718,400718,'2021-12-04 21:42:48','2021-12-04 21:42:48'),(113,4,'Topup',828830,828830,1259792,1259792,'2021-12-04 21:42:48','2021-12-04 21:42:48'),(114,46,'Topup',657892,657892,657892,657892,'2021-12-04 21:42:48','2021-12-04 21:42:48'),(115,105,'Topup',557204,557204,557204,557204,'2021-12-04 21:42:48','2021-12-04 21:42:48'),(116,10,'Topup',222556,222556,222556,222556,'2021-12-04 21:42:48','2021-12-04 21:42:48'),(117,18,'Topup',449247,449247,449247,449247,'2021-12-04 21:42:48','2021-12-04 21:42:48'),(118,66,'Topup',117248,117248,117248,117248,'2021-12-04 21:42:48','2021-12-04 21:42:48'),(119,41,'Topup',393175,393175,1301047,1301047,'2021-12-04 21:42:48','2021-12-04 21:42:48'),(120,105,'Topup',855183,855183,1412387,1412387,'2021-12-04 21:42:48','2021-12-04 21:42:48'),(121,55,'Topup',20512,20512,20512,20512,'2021-12-04 21:42:48','2021-12-04 21:42:48'),(122,78,'Topup',636541,636541,636541,636541,'2021-12-04 21:42:48','2021-12-04 21:42:48'),(123,113,'Topup',301075,301075,301075,301075,'2021-12-04 21:42:48','2021-12-04 21:42:48'),(124,177,'Topup',858051,858051,858051,858051,'2021-12-04 21:42:48','2021-12-04 21:42:48'),(125,7,'Topup',669420,669420,669420,669420,'2021-12-04 21:42:48','2021-12-04 21:42:48'),(126,7,'Topup',423707,423707,1093127,1093127,'2021-12-04 21:42:48','2021-12-04 21:42:48'),(127,33,'Topup',148093,148093,871082,871082,'2021-12-04 21:42:48','2021-12-04 21:42:48'),(128,110,'Topup',465194,465194,465194,465194,'2021-12-04 21:42:48','2021-12-04 21:42:48'),(129,56,'Topup',796722,796722,796722,796722,'2021-12-04 21:42:48','2021-12-04 21:42:48'),(130,188,'Topup',59474,59474,59474,59474,'2021-12-04 21:42:48','2021-12-04 21:42:48'),(131,50,'Topup',582450,582450,582450,582450,'2021-12-04 21:42:48','2021-12-04 21:42:48'),(132,14,'Topup',271630,271630,271630,271630,'2021-12-04 21:42:48','2021-12-04 21:42:48'),(133,94,'Topup',516261,516261,516261,516261,'2021-12-04 21:42:48','2021-12-04 21:42:48'),(134,90,'Topup',321295,321295,732815,732815,'2021-12-04 21:42:48','2021-12-04 21:42:48'),(135,89,'Topup',19243,19243,529096,529096,'2021-12-04 21:42:48','2021-12-04 21:42:48'),(136,117,'Topup',812736,812736,812736,812736,'2021-12-04 21:42:48','2021-12-04 21:42:48'),(137,27,'Topup',989730,989730,2066393,2066393,'2021-12-04 21:42:48','2021-12-04 21:42:48'),(138,179,'Topup',730495,730495,1182453,1182453,'2021-12-04 21:42:48','2021-12-04 21:42:48'),(139,191,'Topup',816131,816131,816131,816131,'2021-12-04 21:42:48','2021-12-04 21:42:48'),(140,121,'Topup',865726,865726,1821043,1821043,'2021-12-04 21:42:48','2021-12-04 21:42:48'),(141,126,'Topup',703188,703188,1623403,1623403,'2021-12-04 21:42:48','2021-12-04 21:42:48'),(142,104,'Topup',224218,224218,224218,224218,'2021-12-04 21:42:48','2021-12-04 21:42:48'),(143,25,'Topup',95337,95337,728514,728514,'2021-12-04 21:42:48','2021-12-04 21:42:48'),(144,198,'Topup',756954,756954,756954,756954,'2021-12-04 21:42:48','2021-12-04 21:42:48'),(145,198,'Topup',299479,299479,1056433,1056433,'2021-12-04 21:42:48','2021-12-04 21:42:48'),(146,146,'Topup',356388,356388,1648671,1648671,'2021-12-04 21:42:48','2021-12-04 21:42:48'),(147,14,'Topup',706968,706968,978598,978598,'2021-12-04 21:42:48','2021-12-04 21:42:48'),(148,81,'Topup',544369,544369,1030583,1030583,'2021-12-04 21:42:48','2021-12-04 21:42:48'),(149,74,'Topup',976966,976966,1849421,1849421,'2021-12-04 21:42:48','2021-12-04 21:42:48'),(150,108,'Topup',837425,837425,1318933,1318933,'2021-12-04 21:42:48','2021-12-04 21:42:48'),(151,116,'Topup',111158,111158,111158,111158,'2021-12-04 21:42:48','2021-12-04 21:42:48'),(152,18,'Topup',334663,334663,783910,783910,'2021-12-04 21:42:48','2021-12-04 21:42:48'),(153,159,'Topup',897781,897781,897781,897781,'2021-12-04 21:42:48','2021-12-04 21:42:48'),(154,70,'Topup',210545,210545,210545,210545,'2021-12-04 21:42:48','2021-12-04 21:42:48'),(155,195,'Topup',627645,627645,1211221,1211221,'2021-12-04 21:42:48','2021-12-04 21:42:48'),(156,191,'Topup',837760,837760,1653891,1653891,'2021-12-04 21:42:48','2021-12-04 21:42:48'),(157,51,'Topup',562822,562822,562822,562822,'2021-12-04 21:42:48','2021-12-04 21:42:48'),(158,187,'Topup',208257,208257,1135154,1135154,'2021-12-04 21:42:48','2021-12-04 21:42:48'),(159,115,'Topup',572760,572760,1462533,1462533,'2021-12-04 21:42:48','2021-12-04 21:42:48'),(160,18,'Topup',111783,111783,895693,895693,'2021-12-04 21:42:48','2021-12-04 21:42:48'),(161,186,'Topup',79016,79016,79016,79016,'2021-12-04 21:42:48','2021-12-04 21:42:48'),(162,157,'Topup',457986,457986,457986,457986,'2021-12-04 21:42:48','2021-12-04 21:42:48'),(163,106,'Topup',197021,197021,464140,464140,'2021-12-04 21:42:48','2021-12-04 21:42:48'),(164,67,'Topup',936812,936812,936812,936812,'2021-12-04 21:42:48','2021-12-04 21:42:48'),(165,45,'Topup',797906,797906,2211442,2211442,'2021-12-04 21:42:48','2021-12-04 21:42:48'),(166,151,'Topup',653501,653501,769109,769109,'2021-12-04 21:42:48','2021-12-04 21:42:48'),(167,181,'Topup',637576,637576,637576,637576,'2021-12-04 21:42:48','2021-12-04 21:42:48'),(168,141,'Topup',196331,196331,196331,196331,'2021-12-04 21:42:48','2021-12-04 21:42:48'),(169,151,'Topup',474700,474700,1243809,1243809,'2021-12-04 21:42:48','2021-12-04 21:42:48'),(170,122,'Topup',648604,648604,648604,648604,'2021-12-04 21:42:48','2021-12-04 21:42:48'),(171,111,'Topup',242265,242265,741738,741738,'2021-12-04 21:42:48','2021-12-04 21:42:48'),(172,130,'Topup',166226,166226,225002,225002,'2021-12-04 21:42:48','2021-12-04 21:42:48'),(173,27,'Topup',810400,810400,2876793,2876793,'2021-12-04 21:42:48','2021-12-04 21:42:48'),(174,69,'Topup',470584,470584,470584,470584,'2021-12-04 21:42:48','2021-12-04 21:42:48'),(175,121,'Topup',931646,931646,2752689,2752689,'2021-12-04 21:42:48','2021-12-04 21:42:48'),(176,68,'Topup',933372,933372,1711984,1711984,'2021-12-04 21:42:48','2021-12-04 21:42:48'),(177,123,'Topup',855895,855895,1484091,1484091,'2021-12-04 21:42:48','2021-12-04 21:42:48'),(178,27,'Topup',314064,314064,3190857,3190857,'2021-12-04 21:42:48','2021-12-04 21:42:48'),(179,145,'Topup',43862,43862,237542,237542,'2021-12-04 21:42:48','2021-12-04 21:42:48'),(180,117,'Topup',713159,713159,1525895,1525895,'2021-12-04 21:42:48','2021-12-04 21:42:48'),(181,147,'Topup',166368,166368,629764,629764,'2021-12-04 21:42:48','2021-12-04 21:42:48'),(182,8,'Topup',557947,557947,1842834,1842834,'2021-12-04 21:42:49','2021-12-04 21:42:49'),(183,167,'Topup',893268,893268,1304494,1304494,'2021-12-04 21:42:49','2021-12-04 21:42:49'),(184,105,'Topup',57907,57907,1470294,1470294,'2021-12-04 21:42:49','2021-12-04 21:42:49'),(185,22,'Topup',668901,668901,668901,668901,'2021-12-04 21:42:49','2021-12-04 21:42:49'),(186,80,'Topup',460956,460956,460956,460956,'2021-12-04 21:42:49','2021-12-04 21:42:49'),(187,159,'Topup',214346,214346,1112127,1112127,'2021-12-04 21:42:49','2021-12-04 21:42:49'),(188,120,'Topup',613913,613913,775237,775237,'2021-12-04 21:42:49','2021-12-04 21:42:49'),(189,197,'Topup',639335,639335,1624231,1624231,'2021-12-04 21:42:49','2021-12-04 21:42:49'),(190,96,'Topup',294177,294177,1484441,1484441,'2021-12-04 21:42:49','2021-12-04 21:42:49'),(191,188,'Topup',161677,161677,221151,221151,'2021-12-04 21:42:49','2021-12-04 21:42:49'),(192,115,'Topup',625992,625992,2088525,2088525,'2021-12-04 21:42:49','2021-12-04 21:42:49'),(193,1,'Topup',490094,490094,541982,541982,'2021-12-04 21:42:49','2021-12-04 21:42:49'),(194,163,'Topup',660810,660810,660810,660810,'2021-12-04 21:42:49','2021-12-04 21:42:49'),(195,56,'Topup',731709,731709,1528431,1528431,'2021-12-04 21:42:49','2021-12-04 21:42:49'),(196,58,'Topup',851461,851461,1644906,1644906,'2021-12-04 21:42:49','2021-12-04 21:42:49'),(197,197,'Topup',257973,257973,1882204,1882204,'2021-12-04 21:42:49','2021-12-04 21:42:49'),(198,160,'Topup',704720,704720,704720,704720,'2021-12-04 21:42:49','2021-12-04 21:42:49'),(199,78,'Topup',819318,819318,1455859,1455859,'2021-12-04 21:42:49','2021-12-04 21:42:49'),(200,138,'Topup',47565,47565,47565,47565,'2021-12-04 21:42:49','2021-12-04 21:42:49'),(201,55,'Topup',844848,844848,865360,865360,'2021-12-04 21:42:49','2021-12-04 21:42:49'),(202,138,'Topup',173503,173503,221068,221068,'2021-12-04 21:42:49','2021-12-04 21:42:49'),(203,99,'Topup',257480,257480,1102570,1102570,'2021-12-04 21:42:49','2021-12-04 21:42:49'),(204,136,'Topup',706996,706996,706996,706996,'2021-12-04 21:42:49','2021-12-04 21:42:49'),(205,85,'Topup',505007,505007,505007,505007,'2021-12-04 21:42:49','2021-12-04 21:42:49'),(206,107,'Topup',358397,358397,358397,358397,'2021-12-04 21:42:49','2021-12-04 21:42:49'),(207,149,'Topup',905537,905537,905537,905537,'2021-12-04 21:42:49','2021-12-04 21:42:49'),(208,67,'Topup',212964,212964,1149776,1149776,'2021-12-04 21:42:49','2021-12-04 21:42:49'),(209,74,'Topup',12819,12819,1862240,1862240,'2021-12-04 21:42:49','2021-12-04 21:42:49'),(210,35,'Topup',357272,357272,1219336,1219336,'2021-12-04 21:42:49','2021-12-04 21:42:49'),(211,97,'Topup',152399,152399,152399,152399,'2021-12-04 21:42:49','2021-12-04 21:42:49'),(212,77,'Topup',523125,523125,918074,918074,'2021-12-04 21:42:49','2021-12-04 21:42:49'),(213,179,'Topup',744748,744748,1927201,1927201,'2021-12-04 21:42:49','2021-12-04 21:42:49'),(214,67,'Topup',433389,433389,1583165,1583165,'2021-12-04 21:42:49','2021-12-04 21:42:49'),(215,58,'Topup',995697,995697,2640603,2640603,'2021-12-04 21:42:49','2021-12-04 21:42:49'),(216,140,'Topup',735452,735452,1672398,1672398,'2021-12-04 21:42:49','2021-12-04 21:42:49'),(217,4,'Topup',989131,989131,2248923,2248923,'2021-12-04 21:42:49','2021-12-04 21:42:49'),(218,86,'Topup',338904,338904,338904,338904,'2021-12-04 21:42:49','2021-12-04 21:42:49'),(219,80,'Topup',658457,658457,1119413,1119413,'2021-12-04 21:42:49','2021-12-04 21:42:49'),(220,127,'Topup',236773,236773,236773,236773,'2021-12-04 21:42:49','2021-12-04 21:42:49'),(221,18,'Topup',847214,847214,1742907,1742907,'2021-12-04 21:42:49','2021-12-04 21:42:49'),(222,82,'Topup',722461,722461,1633350,1633350,'2021-12-04 21:42:49','2021-12-04 21:42:49'),(223,42,'Topup',136687,136687,900699,900699,'2021-12-04 21:42:49','2021-12-04 21:42:49'),(224,19,'Topup',408390,408390,408390,408390,'2021-12-04 21:42:49','2021-12-04 21:42:49'),(225,45,'Topup',894017,894017,3105459,3105459,'2021-12-04 21:42:49','2021-12-04 21:42:49'),(226,33,'Topup',25054,25054,896136,896136,'2021-12-04 21:42:49','2021-12-04 21:42:49'),(227,178,'Topup',476426,476426,476426,476426,'2021-12-04 21:42:49','2021-12-04 21:42:49'),(228,106,'Topup',66327,66327,530467,530467,'2021-12-04 21:42:49','2021-12-04 21:42:49'),(229,135,'Topup',360549,360549,360549,360549,'2021-12-04 21:42:49','2021-12-04 21:42:49'),(230,109,'Topup',489965,489965,489965,489965,'2021-12-04 21:42:49','2021-12-04 21:42:49'),(231,50,'Topup',431832,431832,1014282,1014282,'2021-12-04 21:42:49','2021-12-04 21:42:49'),(232,169,'Topup',336016,336016,1555761,1555761,'2021-12-04 21:42:49','2021-12-04 21:42:49'),(233,54,'Topup',975870,975870,975870,975870,'2021-12-04 21:42:49','2021-12-04 21:42:49'),(234,184,'Topup',648156,648156,648156,648156,'2021-12-04 21:42:49','2021-12-04 21:42:49'),(235,16,'Topup',87120,87120,87120,87120,'2021-12-04 21:42:49','2021-12-04 21:42:49'),(236,172,'Topup',31477,31477,31477,31477,'2021-12-04 21:42:49','2021-12-04 21:42:49'),(237,6,'Topup',933268,933268,1947818,1947818,'2021-12-04 21:42:49','2021-12-04 21:42:49'),(238,76,'Topup',980339,980339,980339,980339,'2021-12-04 21:42:49','2021-12-04 21:42:49'),(239,183,'Topup',649167,649167,1161729,1161729,'2021-12-04 21:42:49','2021-12-04 21:42:49'),(240,184,'Topup',446618,446618,1094774,1094774,'2021-12-04 21:42:49','2021-12-04 21:42:49'),(241,143,'Topup',498800,498800,1306940,1306940,'2021-12-04 21:42:49','2021-12-04 21:42:49'),(242,138,'Topup',848843,848843,1069911,1069911,'2021-12-04 21:42:49','2021-12-04 21:42:49'),(243,40,'Topup',116059,116059,116059,116059,'2021-12-04 21:42:49','2021-12-04 21:42:49'),(244,54,'Topup',831990,831990,1807860,1807860,'2021-12-04 21:42:49','2021-12-04 21:42:49'),(245,58,'Topup',61468,61468,2702071,2702071,'2021-12-04 21:42:49','2021-12-04 21:42:49'),(246,43,'Topup',534072,534072,534072,534072,'2021-12-04 21:42:49','2021-12-04 21:42:49'),(247,167,'Topup',961028,961028,2265522,2265522,'2021-12-04 21:42:49','2021-12-04 21:42:49'),(248,27,'Topup',127296,127296,3318153,3318153,'2021-12-04 21:42:49','2021-12-04 21:42:49'),(249,53,'Topup',424815,424815,424815,424815,'2021-12-04 21:42:49','2021-12-04 21:42:49'),(250,84,'Topup',513271,513271,1358980,1358980,'2021-12-04 21:42:49','2021-12-04 21:42:49'),(251,66,'Topup',182993,182993,300241,300241,'2021-12-04 21:42:49','2021-12-04 21:42:49'),(252,98,'Topup',185836,185836,185836,185836,'2021-12-04 21:42:49','2021-12-04 21:42:49'),(253,133,'Topup',230694,230694,230694,230694,'2021-12-04 21:42:49','2021-12-04 21:42:49'),(254,173,'Topup',55065,55065,992327,992327,'2021-12-04 21:42:49','2021-12-04 21:42:49'),(255,166,'Topup',201822,201822,201822,201822,'2021-12-04 21:42:49','2021-12-04 21:42:49'),(256,31,'Topup',502409,502409,502409,502409,'2021-12-04 21:42:49','2021-12-04 21:42:49'),(257,78,'Topup',97312,97312,1553171,1553171,'2021-12-04 21:42:49','2021-12-04 21:42:49'),(258,12,'Topup',550355,550355,817696,817696,'2021-12-04 21:42:49','2021-12-04 21:42:49'),(259,184,'Topup',530087,530087,1624861,1624861,'2021-12-04 21:42:49','2021-12-04 21:42:49'),(260,6,'Topup',45536,45536,1993354,1993354,'2021-12-04 21:42:49','2021-12-04 21:42:49'),(261,72,'Topup',415251,415251,2281798,2281798,'2021-12-04 21:42:49','2021-12-04 21:42:49'),(262,40,'Topup',186504,186504,302563,302563,'2021-12-04 21:42:49','2021-12-04 21:42:49'),(263,6,'Topup',842525,842525,2835879,2835879,'2021-12-04 21:42:49','2021-12-04 21:42:49'),(264,157,'Topup',433503,433503,891489,891489,'2021-12-04 21:42:49','2021-12-04 21:42:49'),(265,115,'Topup',602736,602736,2691261,2691261,'2021-12-04 21:42:49','2021-12-04 21:42:49'),(266,90,'Topup',811323,811323,1544138,1544138,'2021-12-04 21:42:49','2021-12-04 21:42:49'),(267,182,'Topup',689370,689370,1017223,1017223,'2021-12-04 21:42:49','2021-12-04 21:42:49'),(268,148,'Topup',83572,83572,83572,83572,'2021-12-04 21:42:49','2021-12-04 21:42:49'),(269,116,'Topup',917822,917822,1028980,1028980,'2021-12-04 21:42:49','2021-12-04 21:42:49'),(270,55,'Topup',843957,843957,1709317,1709317,'2021-12-04 21:42:49','2021-12-04 21:42:49'),(271,199,'Topup',248374,248374,649092,649092,'2021-12-04 21:42:49','2021-12-04 21:42:49'),(272,94,'Topup',369621,369621,885882,885882,'2021-12-04 21:42:49','2021-12-04 21:42:49'),(273,195,'Topup',224880,224880,1436101,1436101,'2021-12-04 21:42:49','2021-12-04 21:42:49'),(274,100,'Topup',723971,723971,723971,723971,'2021-12-04 21:42:49','2021-12-04 21:42:49'),(275,188,'Topup',212841,212841,433992,433992,'2021-12-04 21:42:49','2021-12-04 21:42:49'),(276,104,'Topup',254942,254942,479160,479160,'2021-12-04 21:42:49','2021-12-04 21:42:49'),(277,24,'Topup',160273,160273,575095,575095,'2021-12-04 21:42:49','2021-12-04 21:42:49'),(278,14,'Topup',125395,125395,1103993,1103993,'2021-12-04 21:42:49','2021-12-04 21:42:49'),(279,56,'Topup',309732,309732,1838163,1838163,'2021-12-04 21:42:49','2021-12-04 21:42:49'),(280,192,'Topup',293961,293961,341506,341506,'2021-12-04 21:42:49','2021-12-04 21:42:49'),(281,36,'Topup',560766,560766,560766,560766,'2021-12-04 21:42:49','2021-12-04 21:42:49'),(282,127,'Topup',579973,579973,816746,816746,'2021-12-04 21:42:49','2021-12-04 21:42:49'),(283,115,'Topup',431678,431678,3122939,3122939,'2021-12-04 21:42:49','2021-12-04 21:42:49'),(284,123,'Topup',215345,215345,1699436,1699436,'2021-12-04 21:42:49','2021-12-04 21:42:49'),(285,131,'Topup',148296,148296,148296,148296,'2021-12-04 21:42:49','2021-12-04 21:42:49'),(286,9,'Topup',621118,621118,621118,621118,'2021-12-04 21:42:49','2021-12-04 21:42:49'),(287,146,'Topup',66635,66635,1715306,1715306,'2021-12-04 21:42:49','2021-12-04 21:42:49'),(288,4,'Topup',411512,411512,2660435,2660435,'2021-12-04 21:42:49','2021-12-04 21:42:49'),(289,43,'Topup',99358,99358,633430,633430,'2021-12-04 21:42:49','2021-12-04 21:42:49'),(290,183,'Topup',897357,897357,2059086,2059086,'2021-12-04 21:42:49','2021-12-04 21:42:49'),(291,50,'Topup',807675,807675,1821957,1821957,'2021-12-04 21:42:49','2021-12-04 21:42:49'),(292,139,'Topup',18816,18816,933410,933410,'2021-12-04 21:42:49','2021-12-04 21:42:49'),(293,105,'Topup',371837,371837,1842131,1842131,'2021-12-04 21:42:49','2021-12-04 21:42:49'),(294,2,'Topup',831673,831673,831673,831673,'2021-12-04 21:42:49','2021-12-04 21:42:49'),(295,103,'Topup',718784,718784,718784,718784,'2021-12-04 21:42:49','2021-12-04 21:42:49'),(296,4,'Topup',22920,22920,2683355,2683355,'2021-12-04 21:42:49','2021-12-04 21:42:49'),(297,110,'Topup',160964,160964,626158,626158,'2021-12-04 21:42:49','2021-12-04 21:42:49'),(298,145,'Topup',47575,47575,285117,285117,'2021-12-04 21:42:49','2021-12-04 21:42:49'),(299,64,'Topup',361870,361870,1238187,1238187,'2021-12-04 21:42:49','2021-12-04 21:42:49'),(300,18,'Topup',309725,309725,2052632,2052632,'2021-12-04 21:42:49','2021-12-04 21:42:49'),(301,119,'Topup',104467,104467,299263,299263,'2021-12-04 21:42:49','2021-12-04 21:42:49'),(302,142,'Topup',10356,10356,10356,10356,'2021-12-04 21:42:49','2021-12-04 21:42:49'),(303,124,'Topup',166295,166295,618026,618026,'2021-12-04 21:42:49','2021-12-04 21:42:49'),(304,102,'Topup',128985,128985,1094175,1094175,'2021-12-04 21:42:49','2021-12-04 21:42:49'),(305,105,'Topup',873619,873619,2715750,2715750,'2021-12-04 21:42:49','2021-12-04 21:42:49'),(306,94,'Topup',663850,663850,1549732,1549732,'2021-12-04 21:42:49','2021-12-04 21:42:49'),(307,8,'Topup',440327,440327,2283161,2283161,'2021-12-04 21:42:49','2021-12-04 21:42:49'),(308,170,'Topup',22876,22876,22876,22876,'2021-12-04 21:42:49','2021-12-04 21:42:49'),(309,178,'Topup',821329,821329,1297755,1297755,'2021-12-04 21:42:49','2021-12-04 21:42:49'),(310,57,'Topup',841990,841990,841990,841990,'2021-12-04 21:42:49','2021-12-04 21:42:49'),(311,133,'Topup',882014,882014,1112708,1112708,'2021-12-04 21:42:49','2021-12-04 21:42:49'),(312,161,'Topup',359403,359403,668846,668846,'2021-12-04 21:42:49','2021-12-04 21:42:49'),(313,171,'Topup',573331,573331,836320,836320,'2021-12-04 21:42:49','2021-12-04 21:42:49'),(314,173,'Topup',992945,992945,1985272,1985272,'2021-12-04 21:42:49','2021-12-04 21:42:49'),(315,13,'Topup',647864,647864,647864,647864,'2021-12-04 21:42:49','2021-12-04 21:42:49'),(316,124,'Topup',721537,721537,1339563,1339563,'2021-12-04 21:42:49','2021-12-04 21:42:49'),(317,162,'Topup',629983,629983,786332,786332,'2021-12-04 21:42:49','2021-12-04 21:42:49'),(318,89,'Topup',392796,392796,921892,921892,'2021-12-04 21:42:49','2021-12-04 21:42:49'),(319,96,'Topup',675572,675572,2160013,2160013,'2021-12-04 21:42:49','2021-12-04 21:42:49'),(320,41,'Topup',858611,858611,2159658,2159658,'2021-12-04 21:42:49','2021-12-04 21:42:49'),(321,67,'Topup',663873,663873,2247038,2247038,'2021-12-04 21:42:49','2021-12-04 21:42:49'),(322,141,'Topup',948190,948190,1144521,1144521,'2021-12-04 21:42:49','2021-12-04 21:42:49'),(323,191,'Topup',717733,717733,2371624,2371624,'2021-12-04 21:42:49','2021-12-04 21:42:49'),(324,56,'Topup',656311,656311,2494474,2494474,'2021-12-04 21:42:49','2021-12-04 21:42:49'),(325,118,'Topup',872011,872011,3260688,3260688,'2021-12-04 21:42:49','2021-12-04 21:42:49'),(326,16,'Topup',451569,451569,538689,538689,'2021-12-04 21:42:49','2021-12-04 21:42:49'),(327,189,'Topup',145472,145472,555784,555784,'2021-12-04 21:42:49','2021-12-04 21:42:49'),(328,103,'Topup',762601,762601,1481385,1481385,'2021-12-04 21:42:49','2021-12-04 21:42:49'),(329,22,'Topup',586009,586009,1254910,1254910,'2021-12-04 21:42:49','2021-12-04 21:42:49'),(330,169,'Topup',99968,99968,1655729,1655729,'2021-12-04 21:42:49','2021-12-04 21:42:49'),(331,35,'Topup',471338,471338,1690674,1690674,'2021-12-04 21:42:49','2021-12-04 21:42:49'),(332,2,'Topup',819998,819998,1651671,1651671,'2021-12-04 21:42:49','2021-12-04 21:42:49'),(333,195,'Topup',302399,302399,1738500,1738500,'2021-12-04 21:42:49','2021-12-04 21:42:49'),(334,140,'Topup',34615,34615,1707013,1707013,'2021-12-04 21:42:49','2021-12-04 21:42:49'),(335,69,'Topup',718102,718102,1188686,1188686,'2021-12-04 21:42:49','2021-12-04 21:42:49'),(336,54,'Topup',285072,285072,2092932,2092932,'2021-12-04 21:42:49','2021-12-04 21:42:49'),(337,107,'Topup',832275,832275,1190672,1190672,'2021-12-04 21:42:49','2021-12-04 21:42:49'),(338,168,'Topup',379942,379942,379942,379942,'2021-12-04 21:42:49','2021-12-04 21:42:49'),(339,135,'Topup',771874,771874,1132423,1132423,'2021-12-04 21:42:49','2021-12-04 21:42:49'),(340,24,'Topup',421367,421367,996462,996462,'2021-12-04 21:42:49','2021-12-04 21:42:49'),(341,176,'Topup',450768,450768,450768,450768,'2021-12-04 21:42:49','2021-12-04 21:42:49'),(342,14,'Topup',261176,261176,1365169,1365169,'2021-12-04 21:42:49','2021-12-04 21:42:49'),(343,34,'Topup',362384,362384,962527,962527,'2021-12-04 21:42:49','2021-12-04 21:42:49'),(344,125,'Topup',877976,877976,877976,877976,'2021-12-04 21:42:49','2021-12-04 21:42:49'),(345,69,'Topup',127555,127555,1316241,1316241,'2021-12-04 21:42:49','2021-12-04 21:42:49'),(346,180,'Topup',437954,437954,437954,437954,'2021-12-04 21:42:49','2021-12-04 21:42:49'),(347,177,'Topup',181642,181642,1039693,1039693,'2021-12-04 21:42:49','2021-12-04 21:42:49'),(348,62,'Topup',630018,630018,1001641,1001641,'2021-12-04 21:42:49','2021-12-04 21:42:49'),(349,198,'Topup',717900,717900,1774333,1774333,'2021-12-04 21:42:49','2021-12-04 21:42:49'),(350,41,'Topup',345190,345190,2504848,2504848,'2021-12-04 21:42:49','2021-12-04 21:42:49'),(351,108,'Topup',915004,915004,2233937,2233937,'2021-12-04 21:42:49','2021-12-04 21:42:49'),(352,67,'Topup',345483,345483,2592521,2592521,'2021-12-04 21:42:49','2021-12-04 21:42:49'),(353,170,'Topup',789038,789038,811914,811914,'2021-12-04 21:42:49','2021-12-04 21:42:49'),(354,130,'Topup',834019,834019,1059021,1059021,'2021-12-04 21:42:49','2021-12-04 21:42:49'),(355,17,'Topup',795261,795261,1779713,1779713,'2021-12-04 21:42:49','2021-12-04 21:42:49'),(356,32,'Topup',854855,854855,871821,871821,'2021-12-04 21:42:49','2021-12-04 21:42:49'),(357,25,'Topup',916099,916099,1644613,1644613,'2021-12-04 21:42:49','2021-12-04 21:42:49'),(358,108,'Topup',143030,143030,2376967,2376967,'2021-12-04 21:42:49','2021-12-04 21:42:49'),(359,154,'Topup',163594,163594,853426,853426,'2021-12-04 21:42:49','2021-12-04 21:42:49'),(360,79,'Topup',939722,939722,1318039,1318039,'2021-12-04 21:42:49','2021-12-04 21:42:49'),(361,94,'Topup',664040,664040,2213772,2213772,'2021-12-04 21:42:49','2021-12-04 21:42:49'),(362,96,'Topup',830868,830868,2990881,2990881,'2021-12-04 21:42:49','2021-12-04 21:42:49'),(363,57,'Topup',776951,776951,1618941,1618941,'2021-12-04 21:42:49','2021-12-04 21:42:49'),(364,97,'Topup',766807,766807,919206,919206,'2021-12-04 21:42:49','2021-12-04 21:42:49'),(365,37,'Topup',474127,474127,806520,806520,'2021-12-04 21:42:49','2021-12-04 21:42:49'),(366,148,'Topup',789458,789458,873030,873030,'2021-12-04 21:42:50','2021-12-04 21:42:50'),(367,3,'Topup',555695,555695,555695,555695,'2021-12-04 21:42:50','2021-12-04 21:42:50'),(368,130,'Topup',628273,628273,1687294,1687294,'2021-12-04 21:42:50','2021-12-04 21:42:50'),(369,167,'Topup',871126,871126,3136648,3136648,'2021-12-04 21:42:50','2021-12-04 21:42:50'),(370,70,'Topup',264960,264960,475505,475505,'2021-12-04 21:42:50','2021-12-04 21:42:50'),(371,32,'Topup',254738,254738,1126559,1126559,'2021-12-04 21:42:50','2021-12-04 21:42:50'),(372,99,'Topup',182108,182108,1284678,1284678,'2021-12-04 21:42:50','2021-12-04 21:42:50'),(373,44,'Topup',964726,964726,964726,964726,'2021-12-04 21:42:50','2021-12-04 21:42:50'),(374,135,'Topup',735885,735885,1868308,1868308,'2021-12-04 21:42:50','2021-12-04 21:42:50'),(375,79,'Topup',876743,876743,2194782,2194782,'2021-12-04 21:42:50','2021-12-04 21:42:50'),(376,118,'Topup',634362,634362,3895050,3895050,'2021-12-04 21:42:50','2021-12-04 21:42:50'),(377,81,'Topup',59886,59886,1090469,1090469,'2021-12-04 21:42:50','2021-12-04 21:42:50'),(378,130,'Topup',687984,687984,2375278,2375278,'2021-12-04 21:42:50','2021-12-04 21:42:50'),(379,152,'Topup',221352,221352,934290,934290,'2021-12-04 21:42:50','2021-12-04 21:42:50'),(380,164,'Topup',837591,837591,1612896,1612896,'2021-12-04 21:42:50','2021-12-04 21:42:50'),(381,40,'Topup',400842,400842,703405,703405,'2021-12-04 21:42:50','2021-12-04 21:42:50'),(382,82,'Topup',249152,249152,1882502,1882502,'2021-12-04 21:42:50','2021-12-04 21:42:50'),(383,174,'Topup',84621,84621,942952,942952,'2021-12-04 21:42:50','2021-12-04 21:42:50'),(384,78,'Topup',505832,505832,2059003,2059003,'2021-12-04 21:42:50','2021-12-04 21:42:50'),(385,160,'Topup',170028,170028,874748,874748,'2021-12-04 21:42:50','2021-12-04 21:42:50'),(386,60,'Topup',147063,147063,147063,147063,'2021-12-04 21:42:50','2021-12-04 21:42:50'),(387,83,'Topup',493686,493686,493686,493686,'2021-12-04 21:42:50','2021-12-04 21:42:50'),(388,188,'Topup',219402,219402,653394,653394,'2021-12-04 21:42:50','2021-12-04 21:42:50'),(389,66,'Topup',944711,944711,1244952,1244952,'2021-12-04 21:42:50','2021-12-04 21:42:50'),(390,182,'Topup',42423,42423,1059646,1059646,'2021-12-04 21:42:50','2021-12-04 21:42:50'),(391,113,'Topup',876398,876398,1177473,1177473,'2021-12-04 21:42:50','2021-12-04 21:42:50'),(392,64,'Topup',960760,960760,2198947,2198947,'2021-12-04 21:42:50','2021-12-04 21:42:50'),(393,104,'Topup',602948,602948,1082108,1082108,'2021-12-04 21:42:50','2021-12-04 21:42:50'),(394,44,'Topup',375178,375178,1339904,1339904,'2021-12-04 21:42:50','2021-12-04 21:42:50'),(395,10,'Topup',566443,566443,788999,788999,'2021-12-04 21:42:50','2021-12-04 21:42:50'),(396,67,'Topup',426927,426927,3019448,3019448,'2021-12-04 21:42:50','2021-12-04 21:42:50'),(397,65,'Topup',316849,316849,376956,376956,'2021-12-04 21:42:50','2021-12-04 21:42:50'),(398,148,'Topup',376758,376758,1249788,1249788,'2021-12-04 21:42:50','2021-12-04 21:42:50'),(399,187,'Topup',966324,966324,2101478,2101478,'2021-12-04 21:42:50','2021-12-04 21:42:50'),(400,104,'Topup',336641,336641,1418749,1418749,'2021-12-04 21:42:50','2021-12-04 21:42:50');
/*!40000 ALTER TABLE `transactions` ENABLE KEYS */;
UNLOCK TABLES;

--
-- Table structure for table `users`
--

DROP TABLE IF EXISTS `users`;
/*!40101 SET @saved_cs_client     = @@character_set_client */;
/*!50503 SET character_set_client = utf8mb4 */;
CREATE TABLE `users` (
  `id` bigint unsigned NOT NULL AUTO_INCREMENT,
  `name` varchar(255) COLLATE utf8mb4_unicode_ci NOT NULL,
  `username` varchar(255) COLLATE utf8mb4_unicode_ci NOT NULL,
  `total_unit` double NOT NULL DEFAULT '0',
  `created_at` timestamp NULL DEFAULT NULL,
  `updated_at` timestamp NULL DEFAULT NULL,
  PRIMARY KEY (`id`),
  UNIQUE KEY `users_username_unique` (`username`)
) ENGINE=InnoDB AUTO_INCREMENT=201 DEFAULT CHARSET=utf8mb4 COLLATE=utf8mb4_unicode_ci;
/*!40101 SET character_set_client = @saved_cs_client */;

--
-- Dumping data for table `users`
--

LOCK TABLES `users` WRITE;
/*!40000 ALTER TABLE `users` DISABLE KEYS */;
INSERT INTO `users` VALUES (1,'Aisyah Puspasari','azalea.marpaung',541982,'2021-12-04 21:42:47','2021-12-04 21:42:49'),(2,'Abyasa Ardianto M.Kom.','xmustofa',1651671,'2021-12-04 21:42:47','2021-12-04 21:42:49'),(3,'Uchita Karimah Wahyuni','chastuti',555695,'2021-12-04 21:42:47','2021-12-04 21:42:50'),(4,'Gaman Narpati','raditya.firgantoro',2683355,'2021-12-04 21:42:47','2021-12-04 21:42:49'),(5,'Xanana Adikara Prabowo S.Ked','langgeng.saragih',0,'2021-12-04 21:42:47','2021-12-04 21:42:47'),(6,'Irnanto Winarno','kprakasa',2835879,'2021-12-04 21:42:47','2021-12-04 21:42:49'),(7,'Virman Permadi M.Farm','xardianto',1093127,'2021-12-04 21:42:47','2021-12-04 21:42:48'),(8,'Aurora Riyanti','permadi.sabri',2283161,'2021-12-04 21:42:47','2021-12-04 21:42:49'),(9,'Samsul Mangunsong','hidayat.artanto',621118,'2021-12-04 21:42:47','2021-12-04 21:42:49'),(10,'Samiah Hariyah','cahya.permadi',788999,'2021-12-04 21:42:47','2021-12-04 21:42:50'),(11,'Wani Halimah','gangsa.rajata',786317,'2021-12-04 21:42:47','2021-12-04 21:42:48'),(12,'Najib Lazuardi S.I.Kom','wahyuni.julia',817696,'2021-12-04 21:42:47','2021-12-04 21:42:49'),(13,'Hasna Handayani','nurul.prakasa',647864,'2021-12-04 21:42:47','2021-12-04 21:42:49'),(14,'Yessi Suartini','chalim',1365169,'2021-12-04 21:42:47','2021-12-04 21:42:49'),(15,'Jayeng Kenzie Situmorang S.T.','uanggriawan',712617,'2021-12-04 21:42:47','2021-12-04 21:42:48'),(16,'Ami Fujiati','jaswadi.usada',538689,'2021-12-04 21:42:47','2021-12-04 21:42:49'),(17,'Wahyu Asman Maheswara','ghidayanto',1779713,'2021-12-04 21:42:47','2021-12-04 21:42:49'),(18,'Violet Utami','jailani.samsul',2052632,'2021-12-04 21:42:47','2021-12-04 21:42:49'),(19,'Najwa Purnawati S.Pt','pradipta.zizi',408390,'2021-12-04 21:42:47','2021-12-04 21:42:49'),(20,'Elisa Diah Pertiwi S.Sos','firgantoro.halima',0,'2021-12-04 21:42:47','2021-12-04 21:42:47'),(21,'Muni Pradipta','rahimah.ihsan',572729,'2021-12-04 21:42:47','2021-12-04 21:42:48'),(22,'Dadap Putra S.Farm','narpati.martani',1254910,'2021-12-04 21:42:47','2021-12-04 21:42:49'),(23,'Okta Sitompul','yono81',0,'2021-12-04 21:42:47','2021-12-04 21:42:47'),(24,'Ellis Oktaviani','gunarto.zahra',996462,'2021-12-04 21:42:47','2021-12-04 21:42:49'),(25,'Samsul Hidayat','namaga.icha',1644613,'2021-12-04 21:42:47','2021-12-04 21:42:49'),(26,'Jamal Prabowo','ymahendra',1467452,'2021-12-04 21:42:47','2021-12-04 21:42:48'),(27,'Gaman Prasetyo','nugroho.makuta',3318153,'2021-12-04 21:42:47','2021-12-04 21:42:49'),(28,'Devi Uchita Uyainah','ghaliyati.nasyidah',0,'2021-12-04 21:42:47','2021-12-04 21:42:47'),(29,'Nrima Liman Situmorang S.Gz','maryati.qori',234518,'2021-12-04 21:42:47','2021-12-04 21:42:48'),(30,'Devi Rahmawati M.Kom.','nsuwarno',932636,'2021-12-04 21:42:47','2021-12-04 21:42:48'),(31,'Talia Widiastuti','claksmiwati',502409,'2021-12-04 21:42:47','2021-12-04 21:42:49'),(32,'Lembah Irawan','novi.laksmiwati',1126559,'2021-12-04 21:42:47','2021-12-04 21:42:50'),(33,'Puti Yuliarti','jsuryatmi',896136,'2021-12-04 21:42:47','2021-12-04 21:42:49'),(34,'Dasa Hardiansyah','pkurniawan',962527,'2021-12-04 21:42:47','2021-12-04 21:42:49'),(35,'Jane Suryatmi','balidin05',1690674,'2021-12-04 21:42:47','2021-12-04 21:42:49'),(36,'Rendy Liman Marbun','martaka04',560766,'2021-12-04 21:42:47','2021-12-04 21:42:49'),(37,'Eka Novitasari S.Sos','hlestari',806520,'2021-12-04 21:42:47','2021-12-04 21:42:49'),(38,'Chandra Sinaga','mutia.latupono',0,'2021-12-04 21:42:47','2021-12-04 21:42:47'),(39,'Raina Haryanti','zizi.mandasari',0,'2021-12-04 21:42:47','2021-12-04 21:42:47'),(40,'Kunthara Gunawan','vino.pranowo',703405,'2021-12-04 21:42:47','2021-12-04 21:42:50'),(41,'Zamira Nurdiyanti','irawan.nadine',2504848,'2021-12-04 21:42:47','2021-12-04 21:42:49'),(42,'Dwi Mangunsong','hidayat.daryani',900699,'2021-12-04 21:42:47','2021-12-04 21:42:49'),(43,'Utama Ramadan','melani.putri',633430,'2021-12-04 21:42:47','2021-12-04 21:42:49'),(44,'Bakiono Martani Waluyo S.IP','ulva90',1339904,'2021-12-04 21:42:47','2021-12-04 21:42:50'),(45,'Panca Budiyanto','yolanda.fitriani',3105459,'2021-12-04 21:42:47','2021-12-04 21:42:49'),(46,'Vera Puji Puspita','simbolon.gangsar',657892,'2021-12-04 21:42:47','2021-12-04 21:42:48'),(47,'Icha Ilsa Aryani S.I.Kom','laila38',0,'2021-12-04 21:42:47','2021-12-04 21:42:47'),(48,'Bakti Januar','warta36',70565,'2021-12-04 21:42:47','2021-12-04 21:42:48'),(49,'Halim Zulkarnain S.T.','raden.halim',0,'2021-12-04 21:42:47','2021-12-04 21:42:47'),(50,'Ganda Iswahyudi','maya51',1821957,'2021-12-04 21:42:47','2021-12-04 21:42:49'),(51,'Argono Jailani','handayani.patricia',562822,'2021-12-04 21:42:47','2021-12-04 21:42:48'),(52,'Nyana Nainggolan','agustina.vega',382873,'2021-12-04 21:42:47','2021-12-04 21:42:48'),(53,'Emas Lulut Utama','kwasita',424815,'2021-12-04 21:42:47','2021-12-04 21:42:49'),(54,'Kasim Kurniawan','marbun.lalita',2092932,'2021-12-04 21:42:47','2021-12-04 21:42:49'),(55,'Olivia Safitri','kezia44',1709317,'2021-12-04 21:42:47','2021-12-04 21:42:49'),(56,'Gamanto Ian Marpaung M.Farm','rajata.bagya',2494474,'2021-12-04 21:42:47','2021-12-04 21:42:49'),(57,'Laila Jane Handayani','gprasasta',1618941,'2021-12-04 21:42:47','2021-12-04 21:42:49'),(58,'Edward Lazuardi M.Ak','ajiono32',2702071,'2021-12-04 21:42:47','2021-12-04 21:42:49'),(59,'Luthfi Drajat Pratama','ratna60',0,'2021-12-04 21:42:47','2021-12-04 21:42:47'),(60,'Hasan Cahyo Santoso','hariyah.oni',147063,'2021-12-04 21:42:47','2021-12-04 21:42:50'),(61,'Rahmi Uyainah','ofarida',1250504,'2021-12-04 21:42:47','2021-12-04 21:42:48'),(62,'Lalita Melinda Yulianti S.Pd','unggul.maulana',1001641,'2021-12-04 21:42:47','2021-12-04 21:42:49'),(63,'Michelle Hariyah','balangga.simanjuntak',0,'2021-12-04 21:42:47','2021-12-04 21:42:47'),(64,'Hairyanto Nyana Kurniawan','rpermata',2198947,'2021-12-04 21:42:47','2021-12-04 21:42:50'),(65,'Dirja Rajata','pudjiastuti.cakrabuana',376956,'2021-12-04 21:42:47','2021-12-04 21:42:50'),(66,'Karma Dacin Sitompul S.Farm','bagus06',1244952,'2021-12-04 21:42:47','2021-12-04 21:42:50'),(67,'Gasti Laksita','prima.mayasari',3019448,'2021-12-04 21:42:47','2021-12-04 21:42:50'),(68,'Safina Rahmawati','megantara.edi',1711984,'2021-12-04 21:42:47','2021-12-04 21:42:48'),(69,'Farah Safitri','pangeran17',1316241,'2021-12-04 21:42:47','2021-12-04 21:42:49'),(70,'Wardi Januar','banawi.prasetya',475505,'2021-12-04 21:42:47','2021-12-04 21:42:50'),(71,'Dewi Hariyah','tri.gunarto',612049,'2021-12-04 21:42:47','2021-12-04 21:42:47'),(72,'Widya Lala Halimah S.Pd','violet.suwarno',2281798,'2021-12-04 21:42:47','2021-12-04 21:42:49'),(73,'Maras Rajasa','raden.nasyidah',0,'2021-12-04 21:42:47','2021-12-04 21:42:47'),(74,'Raihan Zulkarnain','padmi.simbolon',1862240,'2021-12-04 21:42:47','2021-12-04 21:42:49'),(75,'Prasetya Hidayat','cawuk.tamba',0,'2021-12-04 21:42:47','2021-12-04 21:42:47'),(76,'Restu Farhunnisa Nuraini S.IP','ian.prakasa',980339,'2021-12-04 21:42:47','2021-12-04 21:42:49'),(77,'Ana Rika Astuti','eva.padmasari',918074,'2021-12-04 21:42:47','2021-12-04 21:42:49'),(78,'Lukita Jaeman Pradipta M.Kom.','laksita.kania',2059003,'2021-12-04 21:42:47','2021-12-04 21:42:50'),(79,'Argono Nyoman Prayoga','nadine.anggraini',2194782,'2021-12-04 21:42:47','2021-12-04 21:42:50'),(80,'Laswi Mahendra S.H.','cahyono.riyanti',1119413,'2021-12-04 21:42:47','2021-12-04 21:42:49'),(81,'Nabila Riyanti','zsaragih',1090469,'2021-12-04 21:42:47','2021-12-04 21:42:50'),(82,'Daru Sakti Prasasta','manullang.cornelia',1882502,'2021-12-04 21:42:47','2021-12-04 21:42:50'),(83,'Sarah Purnawati','karsa.hidayanto',493686,'2021-12-04 21:42:47','2021-12-04 21:42:50'),(84,'Fathonah Ifa Wijayanti','cindy.palastri',1358980,'2021-12-04 21:42:47','2021-12-04 21:42:49'),(85,'Purwanto Prayoga','rahimah.dimaz',505007,'2021-12-04 21:42:47','2021-12-04 21:42:49'),(86,'Wadi Aslijan Hakim M.Ak','vanesa.nuraini',338904,'2021-12-04 21:42:47','2021-12-04 21:42:49'),(87,'Talia Hartati','bambang.siregar',0,'2021-12-04 21:42:47','2021-12-04 21:42:47'),(88,'Diah Puspa Suryatmi S.E.I','diana77',0,'2021-12-04 21:42:47','2021-12-04 21:42:47'),(89,'Juli Mardhiyah','kasim.hutapea',921892,'2021-12-04 21:42:47','2021-12-04 21:42:49'),(90,'Estiawan Napitupulu','utami.rahmi',1544138,'2021-12-04 21:42:47','2021-12-04 21:42:49'),(91,'Dadi Halim','clara.laksita',0,'2021-12-04 21:42:47','2021-12-04 21:42:47'),(92,'Lutfan Gunawan M.Farm','sari93',0,'2021-12-04 21:42:47','2021-12-04 21:42:47'),(93,'Murti Gunarto S.Gz','mwidiastuti',0,'2021-12-04 21:42:47','2021-12-04 21:42:47'),(94,'Rahmat Adriansyah','zizi.mardhiyah',2213772,'2021-12-04 21:42:47','2021-12-04 21:42:49'),(95,'Tirtayasa Halim Waluyo S.I.Kom','hamima.wijayanti',0,'2021-12-04 21:42:47','2021-12-04 21:42:47'),(96,'Raina Padmasari M.Ak','ghaliyati.hidayanto',2990881,'2021-12-04 21:42:47','2021-12-04 21:42:49'),(97,'Ganda Firmansyah','kamidin32',919206,'2021-12-04 21:42:47','2021-12-04 21:42:49'),(98,'Ratih Purnawati','kusuma.wijaya',185836,'2021-12-04 21:42:47','2021-12-04 21:42:49'),(99,'Satya Damanik','virman.mulyani',1284678,'2021-12-04 21:42:47','2021-12-04 21:42:50'),(100,'Ilsa Sudiati','padmi72',723971,'2021-12-04 21:42:47','2021-12-04 21:42:49'),(101,'Nova Aisyah Purnawati M.Pd','andriani.purwanto',0,'2021-12-04 21:42:47','2021-12-04 21:42:47'),(102,'Prasetya Wasita','sihombing.ika',1094175,'2021-12-04 21:42:47','2021-12-04 21:42:49'),(103,'Nasrullah Widodo','hastuti.ciaobella',1481385,'2021-12-04 21:42:47','2021-12-04 21:42:49'),(104,'Xanana Anggriawan','umi.tamba',1418749,'2021-12-04 21:42:47','2021-12-04 21:42:50'),(105,'Parman Sitompul','yulianti.eka',2715750,'2021-12-04 21:42:47','2021-12-04 21:42:49'),(106,'Cornelia Nadia Lailasari','among36',530467,'2021-12-04 21:42:47','2021-12-04 21:42:49'),(107,'Agnes Anggraini','yuniar.karma',1190672,'2021-12-04 21:42:47','2021-12-04 21:42:49'),(108,'Hilda Shania Astuti S.Psi','hidayanto.zizi',2376967,'2021-12-04 21:42:47','2021-12-04 21:42:49'),(109,'Syahrini Nurdiyanti S.Pd','prasetyo.anita',489965,'2021-12-04 21:42:47','2021-12-04 21:42:49'),(110,'Jane Zelaya Nasyidah','opuspasari',626158,'2021-12-04 21:42:47','2021-12-04 21:42:49'),(111,'Syahrini Mayasari','hhartati',741738,'2021-12-04 21:42:47','2021-12-04 21:42:48'),(112,'Vanesa Uyainah','hasna.hidayanto',0,'2021-12-04 21:42:47','2021-12-04 21:42:47'),(113,'Sidiq Rajasa S.IP','pprastuti',1177473,'2021-12-04 21:42:47','2021-12-04 21:42:50'),(114,'Tania Permata','jwidiastuti',0,'2021-12-04 21:42:47','2021-12-04 21:42:47'),(115,'Panca Situmorang M.Ak','kardi.napitupulu',3122939,'2021-12-04 21:42:47','2021-12-04 21:42:49'),(116,'Ami Lestari','ghaliyati17',1028980,'2021-12-04 21:42:47','2021-12-04 21:42:49'),(117,'Galang Najmudin S.Pd','ramadan.cindy',1525895,'2021-12-04 21:42:47','2021-12-04 21:42:48'),(118,'Jumari Firgantoro','garang.siregar',3895050,'2021-12-04 21:42:47','2021-12-04 21:42:50'),(119,'Kadir Galiono Wahyudin','prabu23',299263,'2021-12-04 21:42:47','2021-12-04 21:42:49'),(120,'Gandi Gantar Siregar','siregar.caket',775237,'2021-12-04 21:42:47','2021-12-04 21:42:49'),(121,'Makara Tirta Samosir S.I.Kom','irfan.ramadan',2752689,'2021-12-04 21:42:47','2021-12-04 21:42:48'),(122,'Rini Ika Mardhiyah','daruna64',648604,'2021-12-04 21:42:47','2021-12-04 21:42:48'),(123,'Warta Uwais','emandala',1699436,'2021-12-04 21:42:47','2021-12-04 21:42:49'),(124,'Febi Sabrina Kusmawati S.Pt','jsalahudin',1339563,'2021-12-04 21:42:47','2021-12-04 21:42:49'),(125,'Hafshah Rahmawati S.Sos','lasmono33',877976,'2021-12-04 21:42:47','2021-12-04 21:42:49'),(126,'Yusuf Iswahyudi','suartini.gilang',1623403,'2021-12-04 21:42:47','2021-12-04 21:42:48'),(127,'Muhammad Waluyo M.Ak','fujiati.maria',816746,'2021-12-04 21:42:47','2021-12-04 21:42:49'),(128,'Diana Kuswandari M.Kom.','lrahimah',0,'2021-12-04 21:42:47','2021-12-04 21:42:47'),(129,'Saadat Latupono S.I.Kom','mulyani.nadia',0,'2021-12-04 21:42:47','2021-12-04 21:42:47'),(130,'Cindy Aryani','abudiyanto',2375278,'2021-12-04 21:42:47','2021-12-04 21:42:50'),(131,'Yessi Vanya Riyanti','mitra79',148296,'2021-12-04 21:42:47','2021-12-04 21:42:49'),(132,'Cager Suryono','elvina67',0,'2021-12-04 21:42:47','2021-12-04 21:42:47'),(133,'Mustofa Halim','palastri.sabri',1112708,'2021-12-04 21:42:47','2021-12-04 21:42:49'),(134,'Qori Ana Maryati','tirta.santoso',0,'2021-12-04 21:42:47','2021-12-04 21:42:47'),(135,'Cici Rahmawati','waskita.putri',1868308,'2021-12-04 21:42:47','2021-12-04 21:42:50'),(136,'Rafid Irawan','maulana.victoria',706996,'2021-12-04 21:42:47','2021-12-04 21:42:49'),(137,'Farhunnisa Namaga S.I.Kom','ophelia.nuraini',0,'2021-12-04 21:42:47','2021-12-04 21:42:47'),(138,'Luis Megantara','vivi.mahendra',1069911,'2021-12-04 21:42:47','2021-12-04 21:42:49'),(139,'Maras Najmudin','maya28',933410,'2021-12-04 21:42:47','2021-12-04 21:42:49'),(140,'Kala Sihotang M.Farm','melinda.halim',1707013,'2021-12-04 21:42:47','2021-12-04 21:42:49'),(141,'Luwar Prasetya','jwastuti',1144521,'2021-12-04 21:42:47','2021-12-04 21:42:49'),(142,'Darimin Budiyanto','rajata.latif',10356,'2021-12-04 21:42:47','2021-12-04 21:42:49'),(143,'Ophelia Puspasari M.Ak','bmarbun',1306940,'2021-12-04 21:42:47','2021-12-04 21:42:49'),(144,'Sakura Rahayu','pradipta.eman',222192,'2021-12-04 21:42:47','2021-12-04 21:42:48'),(145,'Rizki Sihotang','awastuti',285117,'2021-12-04 21:42:47','2021-12-04 21:42:49'),(146,'Oni Ami Agustina','ywulandari',1715306,'2021-12-04 21:42:47','2021-12-04 21:42:49'),(147,'Chelsea Hana Palastri','shania94',629764,'2021-12-04 21:42:47','2021-12-04 21:42:48'),(148,'Cakrajiya Januar','calista94',1249788,'2021-12-04 21:42:47','2021-12-04 21:42:50'),(149,'Aurora Rahimah M.TI.','uyainah.zizi',905537,'2021-12-04 21:42:47','2021-12-04 21:42:49'),(150,'Kamal Pradipta','anggriawan.kardi',0,'2021-12-04 21:42:47','2021-12-04 21:42:47'),(151,'Warsita Karna Maheswara S.Farm','mariadi.prasasta',1243809,'2021-12-04 21:42:47','2021-12-04 21:42:48'),(152,'Okto Wasita','icha66',934290,'2021-12-04 21:42:47','2021-12-04 21:42:50'),(153,'Atma Santoso','hmandala',0,'2021-12-04 21:42:47','2021-12-04 21:42:47'),(154,'Najwa Rahimah M.Farm','budiyanto.emil',853426,'2021-12-04 21:42:47','2021-12-04 21:42:49'),(155,'Leo Permadi','nuraini.zelaya',0,'2021-12-04 21:42:47','2021-12-04 21:42:47'),(156,'Balijan Hidayanto','pradipta.balidin',223460,'2021-12-04 21:42:47','2021-12-04 21:42:48'),(157,'Hesti Yance Mulyani S.Kom','danu92',891489,'2021-12-04 21:42:47','2021-12-04 21:42:49'),(158,'Violet Iriana Permata S.T.','oprastuti',667239,'2021-12-04 21:42:47','2021-12-04 21:42:48'),(159,'Daruna Pranowo','anggriawan.muhammad',1112127,'2021-12-04 21:42:47','2021-12-04 21:42:49'),(160,'Elisa Kuswandari','onababan',874748,'2021-12-04 21:42:47','2021-12-04 21:42:50'),(161,'Vanya Mulyani','usamah.yuliana',668846,'2021-12-04 21:42:47','2021-12-04 21:42:49'),(162,'Caket Mahdi Utama M.Ak','ydongoran',786332,'2021-12-04 21:42:47','2021-12-04 21:42:49'),(163,'Kania Novitasari','wlestari',660810,'2021-12-04 21:42:47','2021-12-04 21:42:49'),(164,'Ika Ilsa Palastri M.Ak','ulya.tamba',1612896,'2021-12-04 21:42:47','2021-12-04 21:42:50'),(165,'Unjani Yance Puspasari S.H.','cawuk06',696849,'2021-12-04 21:42:47','2021-12-04 21:42:48'),(166,'Devi Raina Anggraini','galang.utama',201822,'2021-12-04 21:42:47','2021-12-04 21:42:49'),(167,'Indah Astuti','fmardhiyah',3136648,'2021-12-04 21:42:47','2021-12-04 21:42:50'),(168,'Rudi Wacana','susanti.asman',379942,'2021-12-04 21:42:47','2021-12-04 21:42:49'),(169,'Clara Pudjiastuti','uchita.pradana',1655729,'2021-12-04 21:42:47','2021-12-04 21:42:49'),(170,'Zahra Widiastuti','firgantoro.jamil',811914,'2021-12-04 21:42:47','2021-12-04 21:42:49'),(171,'Kezia Tami Hastuti','handayani.lutfan',836320,'2021-12-04 21:42:47','2021-12-04 21:42:49'),(172,'Daryani Harimurti Prasetya','kawaca.handayani',31477,'2021-12-04 21:42:47','2021-12-04 21:42:49'),(173,'Asmadi Tri Halim S.E.I','sadina14',1985272,'2021-12-04 21:42:47','2021-12-04 21:42:49'),(174,'Laras Ratih Puspita','unjani.sirait',942952,'2021-12-04 21:42:47','2021-12-04 21:42:50'),(175,'Elisa Tami Uyainah M.Ak','jamalia17',593044,'2021-12-04 21:42:47','2021-12-04 21:42:48'),(176,'Aurora Aryani','eriyanti',450768,'2021-12-04 21:42:47','2021-12-04 21:42:49'),(177,'Winda Keisha Farida','mala23',1039693,'2021-12-04 21:42:47','2021-12-04 21:42:49'),(178,'Silvia Shania Purnawati S.Gz','olivia13',1297755,'2021-12-04 21:42:47','2021-12-04 21:42:49'),(179,'Ella Permata','talia07',1927201,'2021-12-04 21:42:47','2021-12-04 21:42:49'),(180,'Kala Bakiadi Tamba S.E.I','sihombing.dipa',437954,'2021-12-04 21:42:47','2021-12-04 21:42:49'),(181,'Ida Safitri','kusmawati.wani',637576,'2021-12-04 21:42:47','2021-12-04 21:42:48'),(182,'Murti Warsita Samosir','ratih.hariyah',1059646,'2021-12-04 21:42:47','2021-12-04 21:42:50'),(183,'Maryadi Halim S.Psi','yolanda.iriana',2059086,'2021-12-04 21:42:47','2021-12-04 21:42:49'),(184,'Emil Widodo','fwinarno',1624861,'2021-12-04 21:42:47','2021-12-04 21:42:49'),(185,'Wulan Safina Nasyidah','wmandala',483866,'2021-12-04 21:42:47','2021-12-04 21:42:48'),(186,'Bagya Napitupulu S.Sos','nababan.mahdi',79016,'2021-12-04 21:42:47','2021-12-04 21:42:48'),(187,'Nrima Parman Sihombing M.Farm','maryadi.salwa',2101478,'2021-12-04 21:42:47','2021-12-04 21:42:50'),(188,'Embuh Nainggolan M.Ak','pudjiastuti.samsul',653394,'2021-12-04 21:42:47','2021-12-04 21:42:50'),(189,'Padmi Hariyah','salsabila94',555784,'2021-12-04 21:42:47','2021-12-04 21:42:49'),(190,'Jamalia Nurdiyanti','yuliarti.tiara',716592,'2021-12-04 21:42:47','2021-12-04 21:42:48'),(191,'Panji Maryanto Budiman','bagya11',2371624,'2021-12-04 21:42:47','2021-12-04 21:42:49'),(192,'Ghani Wasita','sabri.puspita',341506,'2021-12-04 21:42:47','2021-12-04 21:42:49'),(193,'Kani Wulandari','maimunah83',0,'2021-12-04 21:42:47','2021-12-04 21:42:47'),(194,'Puput Yessi Padmasari S.I.Kom','xanana.anggriawan',0,'2021-12-04 21:42:47','2021-12-04 21:42:47'),(195,'Eko Dirja Utama','gunarto.maman',1738500,'2021-12-04 21:42:47','2021-12-04 21:42:49'),(196,'Yessi Laksita S.Sos','saragih.tari',1220383,'2021-12-04 21:42:47','2021-12-04 21:42:48'),(197,'Jane Winda Yuliarti S.Farm','gunawan.betania',1882204,'2021-12-04 21:42:47','2021-12-04 21:42:49'),(198,'Tiara Juli Kuswandari M.Ak','dhutasoit',1774333,'2021-12-04 21:42:47','2021-12-04 21:42:49'),(199,'Wawan Cakrajiya Prasetya','caket.rajasa',649092,'2021-12-04 21:42:47','2021-12-04 21:42:49'),(200,'Harja Damanik','znashiruddin',300524,'2021-12-04 21:42:47','2021-12-04 21:42:48');
/*!40000 ALTER TABLE `users` ENABLE KEYS */;
UNLOCK TABLES;
/*!40103 SET TIME_ZONE=@OLD_TIME_ZONE */;

/*!40101 SET SQL_MODE=@OLD_SQL_MODE */;
/*!40014 SET FOREIGN_KEY_CHECKS=@OLD_FOREIGN_KEY_CHECKS */;
/*!40014 SET UNIQUE_CHECKS=@OLD_UNIQUE_CHECKS */;
/*!40101 SET CHARACTER_SET_CLIENT=@OLD_CHARACTER_SET_CLIENT */;
/*!40101 SET CHARACTER_SET_RESULTS=@OLD_CHARACTER_SET_RESULTS */;
/*!40101 SET COLLATION_CONNECTION=@OLD_COLLATION_CONNECTION */;
/*!40111 SET SQL_NOTES=@OLD_SQL_NOTES */;

-- Dump completed on 2021-12-05 13:43:48
